{
    "new": [
        {
            "id": "1",
            "path": "images/Blogs/new.png",
            "text":"Gurushreee {'\n'} Minerals"
        },
        {
            "id": "2",
            "path": "images/Blogs/new1.png",
            "text":"Gurushreee {'\n'} Minerals"
        },
        {
            "id": "3",
            "path": "images/Blogs/new2.png",
            "text":"Gurushreee{'\n'} Minerals"
        },
        {
            "id": "4",
            "path": "images/Blogs/new3.png",
            "text":"Gurushreee \n Minerals"
        },
        {
            "id": "5",
            "path": "images/Blogs/new.png",
            "text":"Gurushreee \n Minerals"
        },
        {
            "id": "6",
            "path": "images/Blogs/new1.png",
            "text":"Gurushreee \n Minerals"
        },
        {
            "id": "7",
            "path": "images/Blogs/new2.png",
            "text":"Gurushreee \n Minerals"
        },
        {
            "id": "8",
            "path": "images/Blogs/new3.png",
            "text":"Gurushreee \n Minerals"
        },
        {
            "id": "9",
            "path": "images/Blogs/new.png",
            "text":"Gurushreee \n Minerals"
        },
        {
            "id": "10",
            "path": "images/Blogs/new1.png",
            "text":"Gurushreee \n Minerals"
        },
        {
            "id": "11",
            "path": "images/Blogs/new2.png",
            "text":"Gurushreee '\n' Minerals"
        },
        {
            "id": "12",
            "path": "images/Blogs/new3.png",
            "text":"Gurushreee \n  Minerals"
        }
    ]
}